{"cameraMode":{"drawMode":0,"name":"Shaded","section":"Shading Mode"},"sceneLighting":false,"audioPlay":false,"sceneViewState":{"showFog":true,"showMaterialUpdate":false,"showSkybox":false,"showFlares":true,"showImageEffects":true,"showParticleSystems":true,"showVisualEffectGraphs":true,"m_FxEnabled":true},"in2DMode":false,"pivot":{"x":13.449999809265137,"y":16.719999313354493,"z":-9.949999809265137},"rotation":{"x":0.04430053010582924,"y":0.7733324766159058,"z":0.054369740188121799,"w":-0.6301099061965942},"size":0.8660253882408142,"orthographic":false}