{"cameraMode":{"drawMode":0,"name":"Shaded","section":"Shading Mode"},"sceneLighting":true,"audioPlay":false,"sceneViewState":{"showFog":true,"showMaterialUpdate":false,"showSkybox":true,"showFlares":true,"showImageEffects":true,"showParticleSystems":true,"showVisualEffectGraphs":true,"m_FxEnabled":true},"in2DMode":false,"pivot":{"x":13.965665817260743,"y":18.117563247680665,"z":-10.076326370239258},"rotation":{"x":0.04430053010582924,"y":0.7733324766159058,"z":0.054369740188121799,"w":-0.6301099061965942},"size":4.866729736328125,"orthographic":false}